{
  "XGBoost": {
    "auc": 0.7869123768747786,
    "time": 86.50258469581604
  },
  "LightGBM": {
    "auc": 0.7837920307909372,
    "time": 35.87701940536499
  },
  "CatBoost": {
    "auc": 0.7827926833121746,
    "time": 68.60713911056519
  }
}