Model,Val ROC AUC,Train Time (s)
Ensemble: Top Trees Blend,0.7867404492667677,
XGBoost,0.7863439100054338,43.29442548751831
Ensemble: Meta Stacking,0.7855998249018732,
LightGBM,0.7838909153490402,17.63810133934021
Ensemble: Average Blend,0.7836872184316712,
CatBoost,0.7830829175768103,17.719832181930542
MLP (SSL Pretrained),0.767186881092049,29.992411851882935
MLP (From Scratch),0.7651769806666403,20.472378253936768
Regressão Logística,0.7612686199840213,5.919021368026733
