{
    "model": "Value Iteration (Bellman)",
    "iterations_to_converge": 2095,
    "execution_time_seconds": 0.13262701034545898,
    "v_table": [
        58362366266.98487,
        58027154216.79134,
        58883097881.040764,
        59459517255.66081,
        59399130595.10724,
        59037035010.90347
    ],
    "policy": [
        1,
        2,
        1,
        1,
        1,
        0
    ]
}